some_id	name	description
1	name999	description1
2	name2	description2
3	name3	description3
4	name4	description4
5	name5	description5
6	name6	description6
7	name7	description7
8	name8	description8
9	name9	description9
10	name10	description10
11	name11	description11
12	name12	description12
13	name13	description13
14	name14	description14
15	name15	description15
16	name16	description16
17	name17	description17
18	name18	description18
19	name19	description19
20	name20	description20
21	name21	description21
22	name22	description22
23	name23	description23
24	name24	description24
25	name25	description25
26	name26	description26
27	name27	description27
28	name28	description28
29	name29	description29
30	name30	description30
31	name31	description31
32	name32	description32
33	name33	description33
34	name34	description34
35	name35	description35
36	name36	description36
37	name37	description37
38	name38	description38
39	name39	description39
40	name40	description40
41	name41	description41
42	name42	description42
43	name43	description43
44	name44	description44
45	name45	description45
46	name46	description46
47	name47	description47
48	name48	description48
49	name49	description49
50	name50	description50
51	name51	description51
52	name52	description52
53	name53	description53
54	name54	description54
55	name55	description55
56	name56	description56
57	name57	description57
58	name58	description58
59	name59	description59
60	name60	description60
61	name61	description61
62	name62	description62
63	name63	description63
64	name64	description64
65	name65	description65
66	name66	description66
67	name67	description67
68	name68	description68
69	name69	description69
70	name70	description70
71	name71	description71
72	name72	description72
73	name73	description73
74	name74	description74
75	name75	description75
76	name76	description76
77	name77	description77
78	name78	description78
79	name79	description79
80	name80	description80
81	name81	description81
82	name82	description82
83	name83	description83
84	name84	description84
85	name85	description85
86	name86	description86
87	name87	description87
88	name88	description88
89	name89	description89
90	name90	description90
91	name91	description91
92	name92	description92
93	name93	description93
94	name94	description94
95	name95	description95
96	name96	description96
97	name97	description97
98	name98	description98
99	name99	description99
100	name100	description100
101	name101	description101
102	name102	description102
103	name103	description103
104	name104	description104
105	name105	description105
106	name106	description106
107	name107	description107
108	name108	description108
109	name109	description109
110	name110	description110
111	name111	description111
112	name112	description112
113	name113	description113
114	name114	description114
115	name115	description115
116	name116	description116
117	name117	description117
118	name118	description118
119	name119	description119
120	name120	description120
121	name121	description121
122	name122	description122
123	name123	description123
124	name124	description124
125	name125	description125
126	name126	description126
127	name127	description127
128	name128	description128
129	name129	description129
130	name130	description130
131	name131	description131
132	name132	description132
133	name133	description133
134	name134	description134
135	name135	description135
136	name136	description136
137	name137	description137
138	name138	description138
139	name139	description139
140	name140	description140
141	name141	description141
142	name142	description142
143	name143	description143
144	name144	description144
145	name145	description145
146	name146	description146
147	name147	description147
148	name148	description148
149	name149	description149
150	name150	description150
151	name151	description151
152	name152	description152
153	name153	description153
154	name154	description154
155	name155	description155
156	name156	description156
157	name157	description157
158	name158	description158
159	name159	description159
160	name160	description160
161	name161	description161
162	name162	description162
163	name163	description163
164	name164	description164
165	name165	description165
166	name166	description166
167	name167	description167
168	name168	description168
169	name169	description169
170	name170	description170
171	name171	description171
172	name172	description172
173	name173	description173
174	name174	description174
175	name175	description175
176	name176	description176
177	name177	description177
178	name178	description178
179	name179	description179
180	name180	description180
181	name181	description181
182	name182	description182
183	name183	description183
184	name184	description184
185	name185	description185
186	name186	description186
187	name187	description187
188	name188	description188
189	name189	description189
190	name190	description190
191	name191	description191
192	name192	description192
193	name193	description193
194	name194	description194
195	name195	description195
196	name196	description196
197	name197	description197
198	name198	description198
199	name199	description199
200	name200	description200
201	name201	description201
202	name202	description202
203	name203	description203
204	name204	description204
205	name205	description205
206	name206	description206
207	name207	description207
208	name208	description208
209	name209	description209
210	name210	description210
211	name211	description211
212	name212	description212
213	name213	description213
214	name214	description214
215	name215	description215
216	name216	description216
217	name217	description217
218	name218	description218
219	name219	description219
220	name220	description220
221	name221	description221
222	name222	description222
223	name223	description223
224	name224	description224
225	name225	description225
226	name226	description226
227	name227	description227
228	name228	description228
229	name229	description229
230	name230	description230
231	name231	description231
232	name232	description232
233	name233	description233
234	name234	description234
235	name235	description235
236	name236	description236
237	name237	description237
238	name238	description238
239	name239	description239
240	name240	description240
241	name241	description241
242	name242	description242
243	name243	description243
244	name244	description244
245	name245	description245
246	name246	description246
247	name247	description247
248	name248	description248
249	name249	description249
250	name250	description250
251	name251	description251
252	name252	description252
253	name253	description253
254	name254	description254
255	name255	description255
256	name256	description256
257	name257	description257
258	name258	description258
259	name259	description259
260	name260	description260
261	name261	description261
262	name262	description262
263	name263	description263
264	name264	description264
265	name265	description265
266	name266	description266
267	name267	description267
268	name268	description268
269	name269	description269
270	name270	description270
271	name271	description271
272	name272	description272
273	name273	description273
274	name274	description274
275	name275	description275
276	name276	description276
277	name277	description277
278	name278	description278
279	name279	description279
280	name280	description280
281	name281	description281
282	name282	description282
283	name283	description283
284	name284	description284
285	name285	description285
286	name286	description286
287	name287	description287
288	name288	description288
289	name289	description289
290	name290	description290
291	name291	description291
292	name292	description292
293	name293	description293
294	name294	description294
295	name295	description295
296	name296	description296
297	name297	description297
298	name298	description298
299	name299	description299
300	name300	description300
301	name301	description301
302	name302	description302
303	name303	description303
304	name304	description304
305	name305	description305
306	name306	description306
307	name307	description307
308	name308	description308
309	name309	description309
310	name310	description310
311	name311	description311
312	name312	description312
313	name313	description313
314	name314	description314
315	name315	description315
316	name316	description316
317	name317	description317
318	name318	description318
319	name319	description319
320	name320	description320
321	name321	description321
322	name322	description322
323	name323	description323
324	name324	description324
325	name325	description325
326	name326	description326
327	name327	description327
328	name328	description328
329	name329	description329
330	name330	description330
331	name331	description331
332	name332	description332
333	name333	description333
334	name334	description334
335	name335	description335
336	name336	description336
337	name337	description337
338	name338	description338
339	name339	description339
340	name340	description340
341	name341	description341
342	name342	description342
343	name343	description343
344	name344	description344
345	name345	description345
346	name346	description346
347	name347	description347
348	name348	description348
349	name349	description349
350	name350	description350
351	name351	description351
352	name352	description352
353	name353	description353
354	name354	description354
355	name355	description355
356	name356	description356
357	name357	description357
358	name358	description358
359	name359	description359
360	name360	description360
361	name361	description361
362	name362	description362
363	name363	description363
364	name364	description364
365	name365	description365
366	name366	description366
367	name367	description367
368	name368	description368
369	name369	description369
370	name370	description370
371	name371	description371
372	name372	description372
373	name373	description373
374	name374	description374
375	name375	description375
376	name376	description376
377	name377	description377
378	name378	description378
379	name379	description379
380	name380	description380
381	name381	description381
382	name382	description382
383	name383	description383
384	name384	description384
385	name385	description385
386	name386	description386
387	name387	description387
388	name388	description388
389	name389	description389
390	name390	description390
391	name391	description391
392	name392	description392
393	name393	description393
394	name394	description394
395	name395	description395
396	name396	description396
397	name397	description397
398	name398	description398
399	name399	description399
400	name400	description400
401	name401	description401
402	name402	description402
403	name403	description403
404	name404	description404
405	name405	description405
406	name406	description406
407	name407	description407
408	name408	description408
409	name409	description409
410	name410	description410
411	name411	description411
412	name412	description412
413	name413	description413
414	name414	description414
415	name415	description415
416	name416	description416
417	name417	description417
418	name418	description418
419	name419	description419
420	name420	description420
421	name421	description421
422	name422	description422
423	name423	description423
424	name424	description424
425	name425	description425
426	name426	description426
427	name427	description427
428	name428	description428
429	name429	description429
430	name430	description430
431	name431	description431
432	name432	description432
433	name433	description433
434	name434	description434
435	name435	description435
436	name436	description436
437	name437	description437
438	name438	description438
439	name439	description439
440	name440	description440
441	name441	description441
442	name442	description442
443	name443	description443
444	name444	description444
445	name445	description445
446	name446	description446
447	name447	description447
448	name448	description448
449	name449	description449
450	name450	description450
451	name451	description451
452	name452	description452
453	name453	description453
454	name454	description454
455	name455	description455
456	name456	description456
457	name457	description457
458	name458	description458
459	name459	description459
460	name460	description460
461	name461	description461
462	name462	description462
463	name463	description463
464	name464	description464
465	name465	description465
466	name466	description466
467	name467	description467
468	name468	description468
469	name469	description469
470	name470	description470
471	name471	description471
472	name472	description472
473	name473	description473
474	name474	description474
475	name475	description475
476	name476	description476
477	name477	description477
478	name478	description478
479	name479	description479
480	name480	description480
481	name481	description481
482	name482	description482
483	name483	description483
484	name484	description484
485	name485	description485
486	name486	description486
487	name487	description487
488	name488	description488
489	name489	description489
490	name490	description490
491	name491	description491
492	name492	description492
493	name493	description493
494	name494	description494
495	name495	description495
496	name496	description496
497	name497	description497
498	name498	description498
499	name499	description499
500	name500	description500
501	name501	description501
502	name502	description502
503	name503	description503
504	name504	description504
505	name505	description505
506	name506	description506
507	name507	description507
508	name508	description508
509	name509	description509
510	name510	description510
511	name511	description511
512	name512	description512
513	name513	description513
514	name514	description514
515	name515	description515
516	name516	description516
517	name517	description517
518	name518	description518
519	name519	description519
520	name520	description520
521	name521	description521
522	name522	description522
523	name523	description523
524	name524	description524
525	name525	description525
526	name526	description526
527	name527	description527
528	name528	description528
529	name529	description529
530	name530	description530
531	name531	description531
532	name532	description532
533	name533	description533
534	name534	description534
535	name535	description535
536	name536	description536
537	name537	description537
538	name538	description538
539	name539	description539
540	name540	description540
541	name541	description541
542	name542	description542
543	name543	description543
544	name544	description544
545	name545	description545
546	name546	description546
547	name547	description547
548	name548	description548
549	name549	description549
550	name550	description550
551	name551	description551
552	name552	description552
553	name553	description553
554	name554	description554
555	name555	description555
556	name556	description556
557	name557	description557
558	name558	description558
559	name559	description559
560	name560	description560
561	name561	description561
562	name562	description562
563	name563	description563
564	name564	description564
565	name565	description565
566	name566	description566
567	name567	description567
568	name568	description568
569	name569	description569
570	name570	description570
571	name571	description571
572	name572	description572
573	name573	description573
574	name574	description574
575	name575	description575
576	name576	description576
577	name577	description577
578	name578	description578
579	name579	description579
580	name580	description580
581	name581	description581
582	name582	description582
583	name583	description583
584	name584	description584
585	name585	description585
586	name586	description586
587	name587	description587
588	name588	description588
589	name589	description589
590	name590	description590
591	name591	description591
592	name592	description592
593	name593	description593
594	name594	description594
595	name595	description595
596	name596	description596
597	name597	description597
598	name598	description598
599	name599	description599
600	name600	description600
601	name601	description601
602	name602	description602
603	name603	description603
604	name604	description604
605	name605	description605
606	name606	description606
607	name607	description607
608	name608	description608
609	name609	description609
610	name610	description610
611	name611	description611
612	name612	description612
613	name613	description613
614	name614	description614
615	name615	description615
616	name616	description616
617	name617	description617
618	name618	description618
619	name619	description619
620	name620	description620
621	name621	description621
622	name622	description622
623	name623	description623
624	name624	description624
625	name625	description625
626	name626	description626
627	name627	description627
628	name628	description628
629	name629	description629
630	name630	description630
631	name631	description631
632	name632	description632
633	name633	description633
634	name634	description634
635	name635	description635
636	name636	description636
637	name637	description637
638	name638	description638
639	name639	description639
640	name640	description640
641	name641	description641
642	name642	description642
643	name643	description643
644	name644	description644
645	name645	description645
646	name646	description646
647	name647	description647
648	name648	description648
649	name649	description649
650	name650	description650
651	name651	description651
652	name652	description652
653	name653	description653
654	name654	description654
655	name655	description655
656	name656	description656
657	name657	description657
658	name658	description658
659	name659	description659
660	name660	description660
661	name661	description661
662	name662	description662
663	name663	description663
664	name664	description664
665	name665	description665
666	name666	description666
667	name667	description667
668	name668	description668
669	name669	description669
670	name670	description670
671	name671	description671
672	name672	description672
673	name673	description673
674	name674	description674
675	name675	description675
676	name676	description676
677	name677	description677
678	name678	description678
679	name679	description679
680	name680	description680
681	name681	description681
682	name682	description682
683	name683	description683
684	name684	description684
685	name685	description685
686	name686	description686
687	name687	description687
688	name688	description688
689	name689	description689
690	name690	description690
691	name691	description691
692	name692	description692
693	name693	description693
694	name694	description694
695	name695	description695
696	name696	description696
697	name697	description697
698	name698	description698
699	name699	description699
700	name700	description700
701	name701	description701
702	name702	description702
703	name703	description703
704	name704	description704
705	name705	description705
706	name706	description706
707	name707	description707
708	name708	description708
709	name709	description709
710	name710	description710
711	name711	description711
712	name712	description712
713	name713	description713
714	name714	description714
715	name715	description715
716	name716	description716
717	name717	description717
718	name718	description718
719	name719	description719
720	name720	description720
721	name721	description721
722	name722	description722
723	name723	description723
724	name724	description724
725	name725	description725
726	name726	description726
727	name727	description727
728	name728	description728
729	name729	description729
730	name730	description730
731	name731	description731
732	name732	description732
733	name733	description733
734	name734	description734
735	name735	description735
736	name736	description736
737	name737	description737
738	name738	description738
739	name739	description739
740	name740	description740
741	name741	description741
742	name742	description742
743	name743	description743
744	name744	description744
745	name745	description745
746	name746	description746
747	name747	description747
748	name748	description748
749	name749	description749
750	name750	description750
751	name751	description751
752	name752	description752
753	name753	description753
754	name754	description754
755	name755	description755
756	name756	description756
757	name757	description757
758	name758	description758
759	name759	description759
760	name760	description760
761	name761	description761
762	name762	description762
763	name763	description763
764	name764	description764
765	name765	description765
766	name766	description766
767	name767	description767
768	name768	description768
769	name769	description769
770	name770	description770
771	name771	description771
772	name772	description772
773	name773	description773
774	name774	description774
775	name775	description775
776	name776	description776
777	name777	description777
778	name778	description778
779	name779	description779
780	name780	description780
781	name781	description781
782	name782	description782
783	name783	description783
784	name784	description784
785	name785	description785
786	name786	description786
787	name787	description787
788	name788	description788
789	name789	description789
790	name790	description790
791	name791	description791
792	name792	description792
793	name793	description793
794	name794	description794
795	name795	description795
796	name796	description796
797	name797	description797
798	name798	description798
799	name799	description799
800	name800	description800
801	name801	description801
802	name802	description802
803	name803	description803
804	name804	description804
805	name805	description805
806	name806	description806
807	name807	description807
808	name808	description808
809	name809	description809
810	name810	description810
811	name811	description811
812	name812	description812
813	name813	description813
814	name814	description814
815	name815	description815
816	name816	description816
817	name817	description817
818	name818	description818
819	name819	description819
820	name820	description820
821	name821	description821
822	name822	description822
823	name823	description823
824	name824	description824
825	name825	description825
826	name826	description826
827	name827	description827
828	name828	description828
829	name829	description829
830	name830	description830
831	name831	description831
832	name832	description832
833	name833	description833
834	name834	description834
835	name835	description835
836	name836	description836
837	name837	description837
838	name838	description838
839	name839	description839
840	name840	description840
841	name841	description841
842	name842	description842
843	name843	description843
844	name844	description844
845	name845	description845
846	name846	description846
847	name847	description847
848	name848	description848
849	name849	description849
850	name850	description850
851	name851	description851
852	name852	description852
853	name853	description853
854	name854	description854
855	name855	description855
856	name856	description856
857	name857	description857
858	name858	description858
859	name859	description859
860	name860	description860
861	name861	description861
862	name862	description862
863	name863	description863
864	name864	description864
865	name865	description865
866	name866	description866
867	name867	description867
868	name868	description868
869	name869	description869
870	name870	description870
871	name871	description871
872	name872	description872
873	name873	description873
874	name874	description874
875	name875	description875
876	name876	description876
877	name877	description877
878	name878	description878
879	name879	description879
880	name880	description880
881	name881	description881
882	name882	description882
883	name883	description883
884	name884	description884
885	name885	description885
886	name886	description886
887	name887	description887
888	name888	description888
889	name889	description889
890	name890	description890
891	name891	description891
892	name892	description892
893	name893	description893
894	name894	description894
895	name895	description895
896	name896	description896
897	name897	description897
898	name898	description898
899	name899	description899
900	name900	description900
901	name901	description901
902	name902	description902
903	name903	description903
904	name904	description904
905	name905	description905
906	name906	description906
907	name907	description907
908	name908	description908
909	name909	description909
910	name910	description910
911	name911	description911
912	name912	description912
913	name913	description913
914	name914	description914
915	name915	description915
916	name916	description916
917	name917	description917
918	name918	description918
919	name919	description919
920	name920	description920
921	name921	description921
922	name922	description922
923	name923	description923
924	name924	description924
925	name925	description925
926	name926	description926
927	name927	description927
928	name928	description928
929	name929	description929
930	name930	description930
931	name931	description931
932	name932	description932
933	name933	description933
934	name934	description934
935	name935	description935
936	name936	description936
937	name937	description937
938	name938	description938
939	name939	description939
940	name940	description940
941	name941	description941
942	name942	description942
943	name943	description943
944	name944	description944
945	name945	description945
946	name946	description946
947	name947	description947
948	name948	description948
949	name949	description949
950	name950	description950
951	name951	description951
952	name952	description952
953	name953	description953
954	name954	description954
955	name955	description955
956	name956	description956
957	name957	description957
958	name958	description958
959	name959	description959
960	name960	description960
961	name961	description961
962	name962	description962
963	name963	description963
964	name964	description964
965	name965	description965
966	name966	description966
967	name967	description967
968	name968	description968
969	name969	description969
970	name970	description970
971	name971	description971
972	name972	description972
973	name973	description973
974	name974	description974
975	name975	description975
976	name976	description976
977	name977	description977
978	name978	description978
979	name979	description979
980	name980	description980
981	name981	description981
982	name982	description982
983	name983	description983
984	name984	description984
985	name985	description985
986	name986	description986
987	name987	description987
988	name988	description988
989	name989	description989
990	name990	description990
991	name991	description991
992	name992	description992
993	name993	description993
994	name994	description994
995	name995	description995
996	name996	description996
997	name997	description997
998	name998	description998
999	name999	description999
1000	name1000	description1000
